1/9/2022;22.40h
1/9/2022;21.15h
1/9/2022;19.45h
1/9/2022;18.00h
1/9/2022;17.00h
1/9/2022;15.00h
;
29/8/2022;00.45h
29/8/2022;23.30h
29/8/2022;20.30h
29/8/2022;19.00h
29/8/2022;18.10h
29/8/2022;12.00h
29/8/2022;09.30h
;
29/8/2022;01.45h
29/8/2022;00.00h
28/8/2022;18.10h
28/8/2022;14.30h
;
28/8/2022;04.15h
28/8/2022;00.10h
27/8/2022;20.15h
27/8/2022;14.15h
27/8/2022;12.00h
27/8/2022;04.00h
;
26/8/2022;20.00h
26/8/2022;18.00h
26/8/2022;16.15h
26/8/2022;12.15h
26/8/2022;08.00h
26/8/2022;05.45h
26/8/2022;03.00h
26/8/2022;00.55h
25/8/2022;21.30h
;
25/8/2022;16.15h
25/8/2022;14.15h
;
25/8/2022;00.15h
24/8/2022;22.00h
24/8/2022;20.00h
24/8/2022;17.30h
;
24/8/2022;01.44h
23/8/2022;23.00h
23/8/2022;20.30h
;
23/8/2022;15.50h
23/8/2022;14.10h
23/8/2022;11.50h
23/8/2022;10.00h
23/8/2022;07.30h
23/8/2022;04.15h
;
23/8/2022;01.30h
22/8/2022;22.00h
22/8/2022;18.00h
22/8/2022;17.30h
22/8/2022;14.30h
22/8/2022;13.00h
22/8/2022;10.45h
22/8/2022;08.00h
;
22/8/2022;01.50h
22/8/2022;00.10h
21/8/2022;21.20h
21/8/2022;18.45h
21/8/2022;15.50h
21/8/2022;13.50h
21/8/2022;09.30h
;
21/8/2022;06.30h
21/8/2022;03.50h
21/8/2022;01.30h
20/8/2022;23.00h
20/8/2022;21.00h
20/8/2022;18.00h
;
19/8/2022;21.25h
19/8/2022;18.35h
19/8/2022;16.20h
19/8/2022;14.00h
19/8/2022;12.00h
19/8/2022;10.00h
19/8/2022;07.30h
;
19/8/2022;04.00h
19/8/2022;01.50h
18/8/2022;21.30h
18/8/2022;16.00h
18/8/2022;14.00h
18/8/2022;12.00h
;
17/8/2022;23.30h
17/8/2022;21.30h
17/8/2022;20.15h
17/8/2022;17.15h
17/8/2022;13.00h
17/8/2022;11.00h
17/8/2022;08.30h
;
16/8/2022;21.45h
16/8/2022;18.00h
16/8/2022;15.00h
16/8/2022;11.30h
16/8/2022;08.00h
16/8/2022;06.45h
;
16/8/2022;05.15h
16/8/2022;03.00h
16/8/2022;00.00h
15/8/2022;21.00h
15/8/2022;18.00h
15/8/2022;17.00h
;
15/8/2022;06.30h
15/8/2022;04.45h
15/8/2022;01.45h
14/8/2022;23.15h
14/8/2022;20.50h
14/8/2022;18.30h
14/8/2022;17.15h
14/8/2022;14.30h
;
14/8/2022;05.00h
14/8/2022;03.00h
14/8/2022;01.00h
13/8/2022;22.00h
13/8/2022;21.30h
13/8/2022;18.30h
13/8/2022;06.50h
;
12/8/2022;22.45h
12/8/2022;20.45h
12/8/2022;19.00h
12/8/2022;18.45h
12/8/2022;16.45h
12/8/2022;14.00h
12/8/2022;11.00h
;
12/8/2022;05.30h
12/8/2022;03.00h
12/8/2022;00.00h
11/8/2022;21.00h
11/8/2022;18.00h
11/8/2022;15.00h
11/8/2022;12.00h
11/8/2022;10.30h
;
11/8/2022;02.00h
11/8/2022;00.00h
10/8/2022;21.30h
10/8/2022;18.50h
10/8/2022;16.40h
10/8/2022;14.00h
10/8/2022;10.30h
;
10/8/2022;04.30h
10/8/2022;02.30h
9/8/2022;23.00h
9/8/2022;20.30h
9/8/2022;18.30h
9/8/2022;12.50h
;
9/8/2022;02.50h
9/8/2022;00.40h
8/8/2022;22.00h
8/8/2022;19.00h
8/8/2022;17.30h
8/8/2022;13.30h
8/8/2022;11.30h
8/8/2022;10.00h
8/8/2022;06.30h
